{
  "lazy_greedy": {
    "f_reduction_pct_mean": 0.4395379537953795,
    "f_reduction_pct_std": 0.0,
    "lcc_reduction_pct_mean": 0.22000000000000003,
    "lcc_reduction_pct_std": 2.7755575615628914e-17,
    "robustness_index_mean": 0.00199771,
    "robustness_index_std": 0.0,
    "runtime_s_mean": 0.43120120839957965,
    "runtime_s_std": 0.0054230480020419245,
    "conn_mean": [
      49985001.0,
      49975003.0,
      49965006.0,
      49955010.0,
      49935021.0,
      49925028.0,
      49915036.0,
      49905045.0,
      49895055.0,
      49885066.0,
      49875078.0,
      49865091.0,
      49855105.0,
      49845120.0,
      49835136.0,
      49825153.0,
      49815171.0,
      49795210.0,
      49785231.0,
      49775253.0
    ],
    "conn_std": [
      0.0,
      0.0,
      0.0,
      0.0,
      0.0,
      0.0,
      0.0,
      0.0,
      0.0,
      0.0,
      0.0,
      0.0,
      0.0,
      0.0,
      0.0,
      0.0,
      0.0,
      0.0,
      0.0,
      0.0
    ],
    "lcc_mean": [
      9999.0,
      9998.0,
      9997.0,
      9996.0,
      9994.0,
      9993.0,
      9992.0,
      9991.0,
      9990.0,
      9989.0,
      9988.0,
      9987.0,
      9986.0,
      9985.0,
      9984.0,
      9983.0,
      9982.0,
      9980.0,
      9979.0,
      9978.0
    ],
    "lcc_std": [
      0.0,
      0.0,
      0.0,
      0.0,
      0.0,
      0.0,
      0.0,
      0.0,
      0.0,
      0.0,
      0.0,
      0.0,
      0.0,
      0.0,
      0.0,
      0.0,
      0.0,
      0.0,
      0.0,
      0.0
    ]
  },
  "degree": {
    "f_reduction_pct_mean": 0.45949394939493954,
    "f_reduction_pct_std": 5.551115123125783e-17,
    "lcc_reduction_pct_mean": 0.23000000000000004,
    "lcc_reduction_pct_std": 2.7755575615628914e-17,
    "robustness_index_mean": 0.0019977,
    "robustness_index_std": 0.0,
    "runtime_s_mean": 0.32485849160038927,
    "runtime_s_std": 0.011993644130382841,
    "conn_mean": [
      49985001.0,
      49975003.0,
      49965006.0,
      49955010.0,
      49945015.0,
      49935021.0,
      49915036.0,
      49905045.0,
      49895055.0,
      49885066.0,
      49875078.0,
      49865091.0,
      49855105.0,
      49845120.0,
      49835136.0,
      49825153.0,
      49805190.0,
      49795210.0,
      49775253.0,
      49765276.0
    ],
    "conn_std": [
      0.0,
      0.0,
      0.0,
      0.0,
      0.0,
      0.0,
      0.0,
      0.0,
      0.0,
      0.0,
      0.0,
      0.0,
      0.0,
      0.0,
      0.0,
      0.0,
      0.0,
      0.0,
      0.0,
      0.0
    ],
    "lcc_mean": [
      9999.0,
      9998.0,
      9997.0,
      9996.0,
      9995.0,
      9994.0,
      9992.0,
      9991.0,
      9990.0,
      9989.0,
      9988.0,
      9987.0,
      9986.0,
      9985.0,
      9984.0,
      9983.0,
      9981.0,
      9980.0,
      9978.0,
      9977.0
    ],
    "lcc_std": [
      0.0,
      0.0,
      0.0,
      0.0,
      0.0,
      0.0,
      0.0,
      0.0,
      0.0,
      0.0,
      0.0,
      0.0,
      0.0,
      0.0,
      0.0,
      0.0,
      0.0,
      0.0,
      0.0,
      0.0
    ]
  },
  "betweenness": {
    "f_reduction_pct_mean": 0.41957995799579956,
    "f_reduction_pct_std": 0.0,
    "lcc_reduction_pct_mean": 0.21000000000000002,
    "lcc_reduction_pct_std": 2.7755575615628914e-17,
    "robustness_index_mean": 0.00199774,
    "robustness_index_std": 0.0,
    "runtime_s_mean": 0.2699354245996801,
    "runtime_s_std": 0.003146740699326047,
    "conn_mean": [
      49985001.0,
      49975003.0,
      49965006.0,
      49955010.0,
      49935021.0,
      49925028.0,
      49915036.0,
      49905045.0,
      49895055.0,
      49885066.0,
      49875078.0,
      49865091.0,
      49855105.0,
      49845120.0,
      49835136.0,
      49825153.0,
      49815171.0,
      49805190.0,
      49795210.0,
      49785231.0
    ],
    "conn_std": [
      0.0,
      0.0,
      0.0,
      0.0,
      0.0,
      0.0,
      0.0,
      0.0,
      0.0,
      0.0,
      0.0,
      0.0,
      0.0,
      0.0,
      0.0,
      0.0,
      0.0,
      0.0,
      0.0,
      0.0
    ],
    "lcc_mean": [
      9999.0,
      9998.0,
      9997.0,
      9996.0,
      9994.0,
      9993.0,
      9992.0,
      9991.0,
      9990.0,
      9989.0,
      9988.0,
      9987.0,
      9986.0,
      9985.0,
      9984.0,
      9983.0,
      9982.0,
      9981.0,
      9980.0,
      9979.0
    ],
    "lcc_std": [
      0.0,
      0.0,
      0.0,
      0.0,
      0.0,
      0.0,
      0.0,
      0.0,
      0.0,
      0.0,
      0.0,
      0.0,
      0.0,
      0.0,
      0.0,
      0.0,
      0.0,
      0.0,
      0.0,
      0.0
    ]
  },
  "random": {
    "f_reduction_pct_mean": 0.39961996199619965,
    "f_reduction_pct_std": 0.0,
    "lcc_reduction_pct_mean": 0.2,
    "lcc_reduction_pct_std": 0.0,
    "robustness_index_mean": 0.0019979,
    "robustness_index_std": 0.0,
    "runtime_s_mean": 0.272189358399919,
    "runtime_s_std": 0.0030844432551337536,
    "conn_mean": [
      49985001.0,
      49975003.0,
      49965006.0,
      49955010.0,
      49945015.0,
      49935021.0,
      49925028.0,
      49915036.0,
      49905045.0,
      49895055.0,
      49885066.0,
      49875078.0,
      49865091.0,
      49855105.0,
      49845120.0,
      49835136.0,
      49825153.0,
      49815171.0,
      49805190.0,
      49795210.0
    ],
    "conn_std": [
      0.0,
      0.0,
      0.0,
      0.0,
      0.0,
      0.0,
      0.0,
      0.0,
      0.0,
      0.0,
      0.0,
      0.0,
      0.0,
      0.0,
      0.0,
      0.0,
      0.0,
      0.0,
      0.0,
      0.0
    ],
    "lcc_mean": [
      9999.0,
      9998.0,
      9997.0,
      9996.0,
      9995.0,
      9994.0,
      9993.0,
      9992.0,
      9991.0,
      9990.0,
      9989.0,
      9988.0,
      9987.0,
      9986.0,
      9985.0,
      9984.0,
      9983.0,
      9982.0,
      9981.0,
      9980.0
    ],
    "lcc_std": [
      0.0,
      0.0,
      0.0,
      0.0,
      0.0,
      0.0,
      0.0,
      0.0,
      0.0,
      0.0,
      0.0,
      0.0,
      0.0,
      0.0,
      0.0,
      0.0,
      0.0,
      0.0,
      0.0,
      0.0
    ]
  }
}