{
  "lazy_greedy": {
    "f_reduction_pct_mean": 0.519375875175035,
    "f_reduction_pct_std": 0.0,
    "lcc_reduction_pct_mean": 0.26,
    "lcc_reduction_pct_std": 0.0,
    "robustness_index_mean": 0.00199728,
    "robustness_index_std": 0.0,
    "runtime_s_mean": 6.9500229665995,
    "runtime_s_std": 0.10323352812145495,
    "conn_mean": [
      12492501.0,
      12487503.0,
      12482506.0,
      12472515.0,
      12467521.0,
      12462528.0,
      12452545.0,
      12447555.0,
      12437578.0,
      12432591.0
    ],
    "conn_std": [
      0.0,
      0.0,
      0.0,
      0.0,
      0.0,
      0.0,
      0.0,
      0.0,
      0.0,
      0.0
    ],
    "lcc_mean": [
      4999.0,
      4998.0,
      4997.0,
      4995.0,
      4994.0,
      4993.0,
      4991.0,
      4990.0,
      4988.0,
      4987.0
    ],
    "lcc_std": [
      0.0,
      0.0,
      0.0,
      0.0,
      0.0,
      0.0,
      0.0,
      0.0,
      0.0,
      0.0
    ],
    "p_value_vs_degree": 0.0
  },
  "lazy_greedy_no_bet": {
    "f_reduction_pct_mean": 0.519375875175035,
    "f_reduction_pct_std": 0.0,
    "lcc_reduction_pct_mean": 0.26,
    "lcc_reduction_pct_std": 0.0,
    "robustness_index_mean": 0.00199728,
    "robustness_index_std": 0.0,
    "runtime_s_mean": 6.331509133399959,
    "runtime_s_std": 0.044910362401058494,
    "conn_mean": [
      12492501.0,
      12487503.0,
      12482506.0,
      12472515.0,
      12467521.0,
      12462528.0,
      12452545.0,
      12447555.0,
      12437578.0,
      12432591.0
    ],
    "conn_std": [
      0.0,
      0.0,
      0.0,
      0.0,
      0.0,
      0.0,
      0.0,
      0.0,
      0.0,
      0.0
    ],
    "lcc_mean": [
      4999.0,
      4998.0,
      4997.0,
      4995.0,
      4994.0,
      4993.0,
      4991.0,
      4990.0,
      4988.0,
      4987.0
    ],
    "lcc_std": [
      0.0,
      0.0,
      0.0,
      0.0,
      0.0,
      0.0,
      0.0,
      0.0,
      0.0,
      0.0
    ],
    "p_value_vs_degree": 0.0
  },
  "lazy_greedy_no_ci": {
    "f_reduction_pct_mean": 0.519375875175035,
    "f_reduction_pct_std": 0.0,
    "lcc_reduction_pct_mean": 0.26,
    "lcc_reduction_pct_std": 0.0,
    "robustness_index_mean": 0.0019972880000000003,
    "robustness_index_std": 1.599999999990498e-08,
    "runtime_s_mean": 6.437255708400334,
    "runtime_s_std": 0.12675376413785477,
    "conn_mean": [
      12492501.0,
      12487503.0,
      12482506.0,
      12473514.0,
      12467521.0,
      12462528.0,
      12452545.0,
      12447555.0,
      12437578.0,
      12432591.0
    ],
    "conn_std": [
      0.0,
      0.0,
      0.0,
      1998.0,
      0.0,
      0.0,
      0.0,
      0.0,
      0.0,
      0.0
    ],
    "lcc_mean": [
      4999.0,
      4998.0,
      4997.0,
      4995.2,
      4994.0,
      4993.0,
      4991.0,
      4990.0,
      4988.0,
      4987.0
    ],
    "lcc_std": [
      0.0,
      0.0,
      0.0,
      0.39999999999999997,
      0.0,
      0.0,
      0.0,
      0.0,
      0.0,
      0.0
    ],
    "p_value_vs_degree": 1.5953152567869165e-06
  },
  "degree": {
    "f_reduction_pct_mean": 0.43955991198239647,
    "f_reduction_pct_std": 0.0,
    "lcc_reduction_pct_mean": 0.22000000000000003,
    "lcc_reduction_pct_std": 2.7755575615628914e-17,
    "robustness_index_mean": 0.00199764,
    "robustness_index_std": 0.0,
    "runtime_s_mean": 0.19683459980078624,
    "runtime_s_std": 0.0010632457035302395,
    "conn_mean": [
      12492501.0,
      12487503.0,
      12482506.0,
      12477510.0,
      12472515.0,
      12467521.0,
      12457536.0,
      12452545.0,
      12447555.0,
      12442566.0
    ],
    "conn_std": [
      0.0,
      0.0,
      0.0,
      0.0,
      0.0,
      0.0,
      0.0,
      0.0,
      0.0,
      0.0
    ],
    "lcc_mean": [
      4999.0,
      4998.0,
      4997.0,
      4996.0,
      4995.0,
      4994.0,
      4992.0,
      4991.0,
      4990.0,
      4989.0
    ],
    "lcc_std": [
      0.0,
      0.0,
      0.0,
      0.0,
      0.0,
      0.0,
      0.0,
      0.0,
      0.0,
      0.0
    ]
  },
  "adaptive_degree": {
    "f_reduction_pct_mean": 0.43955991198239647,
    "f_reduction_pct_std": 0.0,
    "lcc_reduction_pct_mean": 0.22000000000000003,
    "lcc_reduction_pct_std": 2.7755575615628914e-17,
    "robustness_index_mean": 0.00199764,
    "robustness_index_std": 0.0,
    "runtime_s_mean": 0.20849104999942938,
    "runtime_s_std": 0.001742109166382608,
    "conn_mean": [
      12492501.0,
      12487503.0,
      12482506.0,
      12477510.0,
      12472515.0,
      12467521.0,
      12457536.0,
      12452545.0,
      12447555.0,
      12442566.0
    ],
    "conn_std": [
      0.0,
      0.0,
      0.0,
      0.0,
      0.0,
      0.0,
      0.0,
      0.0,
      0.0,
      0.0
    ],
    "lcc_mean": [
      4999.0,
      4998.0,
      4997.0,
      4996.0,
      4995.0,
      4994.0,
      4992.0,
      4991.0,
      4990.0,
      4989.0
    ],
    "lcc_std": [
      0.0,
      0.0,
      0.0,
      0.0,
      0.0,
      0.0,
      0.0,
      0.0,
      0.0,
      0.0
    ],
    "p_value_vs_degree": NaN
  },
  "betweenness": {
    "f_reduction_pct_mean": 0.43955991198239647,
    "f_reduction_pct_std": 0.0,
    "lcc_reduction_pct_mean": 0.22000000000000003,
    "lcc_reduction_pct_std": 2.7755575615628914e-17,
    "robustness_index_mean": 0.0019976240000000004,
    "robustness_index_std": 3.200000000000511e-08,
    "runtime_s_mean": 0.21349969179937034,
    "runtime_s_std": 0.0016490260345739694,
    "conn_mean": [
      12492501.0,
      12487503.0,
      12482506.0,
      12477510.0,
      12472515.0,
      12464525.2,
      12458534.4,
      12452545.0,
      12447555.0,
      12442566.0
    ],
    "conn_std": [
      0.0,
      0.0,
      0.0,
      0.0,
      0.0,
      2446.0604571432814,
      1996.8,
      0.0,
      0.0,
      0.0
    ],
    "lcc_mean": [
      4999.0,
      4998.0,
      4997.0,
      4996.0,
      4995.0,
      4993.4,
      4992.2,
      4991.0,
      4990.0,
      4989.0
    ],
    "lcc_std": [
      0.0,
      0.0,
      0.0,
      0.0,
      0.0,
      0.48989794855663565,
      0.39999999999999997,
      0.0,
      0.0,
      0.0
    ],
    "p_value_vs_degree": 0.3739009663050045
  },
  "adaptive_betweenness": {
    "f_reduction_pct_mean": 0.43955991198239647,
    "f_reduction_pct_std": 0.0,
    "lcc_reduction_pct_mean": 0.22000000000000003,
    "lcc_reduction_pct_std": 2.7755575615628914e-17,
    "robustness_index_mean": 0.0019976,
    "robustness_index_std": 0.0,
    "runtime_s_mean": 49.894482383200376,
    "runtime_s_std": 0.2557858091512919,
    "conn_mean": [
      12492501.0,
      12487503.0,
      12482506.0,
      12477510.0,
      12472515.0,
      12462528.0,
      12457536.0,
      12452545.0,
      12447555.0,
      12442566.0
    ],
    "conn_std": [
      0.0,
      0.0,
      0.0,
      0.0,
      0.0,
      0.0,
      0.0,
      0.0,
      0.0,
      0.0
    ],
    "lcc_mean": [
      4999.0,
      4998.0,
      4997.0,
      4996.0,
      4995.0,
      4993.0,
      4992.0,
      4991.0,
      4990.0,
      4989.0
    ],
    "lcc_std": [
      0.0,
      0.0,
      0.0,
      0.0,
      0.0,
      0.0,
      0.0,
      0.0,
      0.0,
      0.0
    ],
    "p_value_vs_degree": 0.0
  },
  "random": {
    "f_reduction_pct_mean": 0.3996399279855971,
    "f_reduction_pct_std": 0.0,
    "lcc_reduction_pct_mean": 0.2,
    "lcc_reduction_pct_std": 0.0,
    "robustness_index_mean": 0.0019978,
    "robustness_index_std": 0.0,
    "runtime_s_mean": 0.2086231500004942,
    "runtime_s_std": 0.012299481174599563,
    "conn_mean": [
      12492501.0,
      12487503.0,
      12482506.0,
      12477510.0,
      12472515.0,
      12467521.0,
      12462528.0,
      12457536.0,
      12452545.0,
      12447555.0
    ],
    "conn_std": [
      0.0,
      0.0,
      0.0,
      0.0,
      0.0,
      0.0,
      0.0,
      0.0,
      0.0,
      0.0
    ],