{
  "lazy_greedy": {
    "f_reduction_pct_mean": 3.387673501831634,
    "f_reduction_pct_std": 0.0,
    "lcc_reduction_pct_mean": 1.7083436494181725,
    "lcc_reduction_pct_std": 2.220446049250313e-16,
    "robustness_index_mean": 0.004883924200054666,
    "robustness_index_std": 0.0,
    "runtime_s_mean": 0.4866283170002134,
    "runtime_s_std": 0.025079388393254052,
    "conn_mean": [
      8106351.0,
      8074171.0,
      8006020.0,
      7942125.0,
      7938140.0,
      7934156.0,
      7930173.0,
      7926191.0,
      7922210.0,
      7918230.0,
      7914251.0,
      7910273.0,
      7906296.0,
      7902320.0,
      7898345.0,
      7894371.0,
      7890398.0,
      7886426.0,
      7882455.0,
      7878485.0
    ],
    "conn_std": [
      0.0,
      0.0,
      0.0,
      0.0,
      0.0,
      0.0,
      0.0,
      0.0,
      0.0,
      0.0,
      0.0,
      0.0,
      0.0,
      0.0,
      0.0,
      0.0,
      0.0,
      0.0,
      0.0,
      0.0
    ],
    "lcc_mean": [
      4027.0,
      4019.0,
      4002.0,
      3986.0,
      3985.0,
      3984.0,
      3983.0,
      3982.0,
      3981.0,
      3980.0,
      3979.0,
      3978.0,
      3977.0,
      3976.0,
      3975.0,
      3974.0,
      3973.0,
      3972.0,
      3971.0,
      3970.0
    ],
    "lcc_std": [
      0.0,
      0.0,
      0.0,
      0.0,
      0.0,
      0.0,
      0.0,
      0.0,
      0.0,
      0.0,
      0.0,
      0.0,
      0.0,
      0.0,
      0.0,
      0.0,
      0.0,
      0.0,
      0.0,
      0.0
    ]
  },
  "degree": {
    "f_reduction_pct_mean": 4.649062428837409,
    "f_reduction_pct_std": 0.0,
    "lcc_reduction_pct_mean": 2.352067343401832,
    "lcc_reduction_pct_std": 0.0,
    "robustness_index_mean": 0.004859527259627152,
    "robustness_index_std": 0.0,
    "runtime_s_mean": 0.33534449999970095,
    "runtime_s_std": 0.011169349215133698,
    "conn_mean": [
      8106351.0,
      8038064.0,
      8006020.0,
      7942125.0,
      7846767.0,
      7842806.0,
      7838846.0,
      7834887.0,
      7830929.0,
      7826972.0,
      7823016.0,
      7819061.0,
      7815107.0,
      7799301.0,
      7795352.0,
      7791404.0,
      7787457.0,
      7783511.0,
      7779566.0,
      7775622.0
    ],
    "conn_std": [
      0.0,
      0.0,
      0.0,
      0.0,
      0.0,
      0.0,
      0.0,
      0.0,
      0.0,
      0.0,
      0.0,
      0.0,
      0.0,
      0.0,
      0.0,
      0.0,
      0.0,
      0.0,
      0.0,
      0.0
    ],
    "lcc_mean": [
      4027.0,
      4010.0,
      4002.0,
      3986.0,
      3962.0,
      3961.0,
      3960.0,
      3959.0,
      3958.0,
      3957.0,
      3956.0,
      3955.0,
      3954.0,
      3950.0,
      3949.0,
      3948.0,
      3947.0,
      3946.0,
      3945.0,
      3944.0
    ],
    "lcc_std": [
      0.0,
      0.0,
      0.0,
      0.0,
      0.0,
      0.0,
      0.0,
      0.0,
      0.0,
      0.0,
      0.0,
      0.0,
      0.0,
      0.0,
      0.0,
      0.0,
      0.0,
      0.0,
      0.0,
      0.0
    ]
  },
  "betweenness": {
    "f_reduction_pct_mean": 59.4357319257595,
    "f_reduction_pct_std": 7.105427357601002e-15,
    "lcc_reduction_pct_mean": 40.65362713542956,
    "lcc_reduction_pct_std": 0.0,
    "robustness_index_mean": 0.004221957969711137,
    "robustness_index_std": 0.0,
    "runtime_s_mean": 0.3092828919998283,
    "runtime_s_std": 0.0010633328752775964,
    "conn_mean": [
      8106351.0,
      8038064.0,
      8006020.0,
      7942125.0,
      7846767.0,
      7842806.0,
      7096565.0,
      7089042.0,
      5349163.0,
      5345943.0,
      5339506.0,
      5339506.0,
      5336289.0,
      5333073.0,
      5102837.0,
      5090275.0,
      5087137.0,
      5084947.0,
      5084828.0,
      3307911.0
    ],
    "conn_std": [
      0.0,
      0.0,
      0.0,
      0.0,
      0.0,
      0.0,
      0.0,
      0.0,
      0.0,
      0.0,
      0.0,
      0.0,
      0.0,
      0.0,
      0.0,
      0.0,
      0.0,
      0.0,
      0.0,
      0.0
    ],
    "lcc_mean": [
      4027.0,
      4010.0,
      4002.0,
      3986.0,
      3962.0,
      3961.0,
      3763.0,
      3761.0,
      3221.0,
      3220.0,
      3218.0,
      3218.0,
      3217.0,
      3216.0,
      3143.0,
      3139.0,
      3138.0,
      3138.0,
      3138.0,
      2397.0
    ],
    "lcc_std": [
      0.0,
      0.0,
      0.0,
      0.0,
      0.0,
      0.0,
      0.0,
      0.0,
      0.0,
      0.0,
      0.0,
      0.0,
      0.0,
      0.0,
      0.0,
      0.0,
      0.0,
      0.0,
      0.0,
      0.0
    ]
  },
  "random": {
    "f_reduction_pct_mean": 0.9880142116101542,
    "f_reduction_pct_std": 1.1102230246251565e-16,
    "lcc_reduction_pct_mean": 0.4951720722951226,
    "lcc_reduction_pct_std": 5.551115123125783e-17,
    "robustness_index_mean": 0.0049388479654392204,
    "robustness_index_std": 0.0,
    "runtime_s_mean": 0.30385766660037916,
    "runtime_s_std": 0.0023534433734143643,
    "conn_mean": [
      8150703.0,
      8146666.0,
      8142630.0,
      8138595.0,
      8134561.0,
      8130528.0,
      8126496.0,
      8122465.0,
      8118435.0,
      8114406.0,
      8110378.0,
      8106351.0,
      8102325.0,
      8098300.0,
      8094276.0,
      8090253.0,
      8086231.0,
      8082210.0,
      8078190.0,
      8074171.0
    ],
    "conn_std": [
      0.0,
      0.0,
      0.0,
      0.0,
      0.0,
      0.0,
      0.0,
      0.0,
      0.0,
      0.0,
      0.0,
      0.0,
      0.0,
      0.0,
      0.0,
      0.0,
      0.0,
      0.0,
      0.0,
      0.0
    ],
    "lcc_mean": [
      4038.0,
      4037.0,
      4036.0,
      4035.0,
      4034.0,
      4033.0,
      4032.0,
      4031.0,
      4030.0,
      4029.0,
      4028.0,
      4027.0,
      4026.0,
      4025.0,
      4024.0,
      4023.0,
      4022.0,
      4021.0,
      4020.0,
      4019.0
    ],
    "lcc_std": [
      0.0,
      0.0,
      0.0,
      0.0,
      0.0,
      0.0,
      0.0,
      0.0,
      0.0,
      0.0,
      0.0,
      0.0,
      0.0,
      0.0,
      0.0,
      0.0,
      0.0,
      0.0,
      0.0,
      0.0
    ]
  }
}