{
  "n": 5000,
  "T": 10,
  "k": 15,
  "rewire_frac": 0.05,
  "ewma_alpha": 0.5,
  "smoothness_history": [
    0.3,
    0.36,
    0.23999999999999996,
    0.23999999999999996,
    0.11999999999999998,
    0.16,
    0.2,
    0.16,
    0.16,
    0.2
  ],
  "lcc_temporal_history": [
    4984,
    4973,
    4972,
    4970,
    4969,
    4968,
    4967,
    4962,
    4952,
    4958
  ],
  "lcc_static_history": [
    4984,
    4981,
    4983,
    4978,
    4975,
    4976,
    4972,
    4974,
    4968,
    4968
  ],
  "inf_temporal_history": [
    0.05235707121364092,
    0.06980942828485456,
    0.09448345035105316,
    0.08104312938816449,
    0.07622868605817452,
    0.047342026078234706,
    0.047542627883650955,
    0.04934804413239719,
    0.04473420260782347,
    0.058174523570712136
  ],
  "inf_static_history": [
    0.05235707121364092,
    0.05275827482447342,
    0.05015045135406219,
    0.05576730190571715,
    0.048144433299899696,
    0.04132397191574724,
    0.04312938816449348,
    0.04894684052156469,
    0.04312938816449348,
    0.05957873620862588
  ]
}